{
  "task": "classification_is_breakdown",
  "label_balance_positive": 0.096,
  "results": [
    {
      "model": "LogisticRegression",
      "accuracy": 0.7224095186624461,
      "precision_breakdown": 0.22361194262956505,
      "recall_breakdown": 0.772318619077587,
      "f1_breakdown": 0.3468106580540977,
      "f1_weighted": 0.7782454861434336,
      "roc_auc": 0.8265364046278652,
      "pr_auc": 0.3467554424077019,
      "train_seconds": 6.16,
      "model_efficiency_f1_per_s": 0.0563
    },
    {
      "model": "RandomForest",
      "accuracy": 0.7743821362088341,
      "precision_breakdown": 0.2611234398854211,
      "recall_breakdown": 0.7457969972129821,
      "f1_breakdown": 0.38681323805415985,
      "f1_weighted": 0.8164401265260859,
      "roc_auc": 0.8434925252679921,
      "pr_auc": 0.39085527416649574,
      "train_seconds": 26.2,
      "model_efficiency_f1_per_s": 0.0148
    },
    {
      "model": "GBTClassifier",
      "accuracy": 0.7804857125700218,
      "precision_breakdown": 0.26489517308629934,
      "recall_breakdown": 0.7326710419850759,
      "f1_breakdown": 0.3891090527119938,
      "f1_weighted": 0.8206805338701325,
      "roc_auc": 0.847153675998269,
      "pr_auc": 0.3967687797351148,
      "train_seconds": 11.89,
      "model_efficiency_f1_per_s": 0.0327
    }
  ],
  "cross_validation": {
    "best_regParam": 0.0,
    "best_elasticNetParam": 0.0,
    "best_cv_roc_auc": 0.8265959782226111,
    "all_cv_roc_auc": [
      0.8266,
      0.8266,
      0.8257,
      0.824,
      0.8209,
      0.7835
    ]
  },
  "best_model": "GBTClassifier"
}